{"cameraMode":{"drawMode":0,"name":"Shaded","section":"Shading Mode"},"sceneLighting":false,"audioPlay":false,"sceneViewState":{"showFog":true,"showMaterialUpdate":false,"showSkybox":false,"showFlares":true,"showImageEffects":true,"showParticleSystems":true},"in2DMode":false,"pivot":{"x":0.47620105743408205,"y":0.6934633255004883,"z":1.2160837650299073},"rotation":{"x":0.1599458009004593,"y":0.045879609882831576,"z":-0.007438406348228455,"w":0.9860388040542603},"size":3.921631097793579,"orthographic":false}