{"cameraMode":{"drawMode":0,"name":"Shaded","section":"Shading Mode"},"sceneLighting":false,"audioPlay":false,"sceneViewState":{"showFog":true,"showMaterialUpdate":false,"showSkybox":false,"showFlares":true,"showImageEffects":true,"showParticleSystems":true},"in2DMode":false,"pivot":{"x":683.485595703125,"y":194.80316162109376,"z":593.8327026367188},"rotation":{"x":0.020075971260666848,"y":0.2432408183813095,"z":0.005003853235393763,"w":-0.9698091149330139},"size":5.130091667175293,"orthographic":false}