{"cameraMode":{"drawMode":0,"name":"Shaded","section":"Shading Mode"},"sceneLighting":false,"audioPlay":false,"sceneViewState":{"showFog":true,"showMaterialUpdate":false,"showSkybox":false,"showFlares":true,"showImageEffects":true,"showParticleSystems":true},"in2DMode":false,"pivot":{"x":0.22289681434631349,"y":5.972674369812012,"z":0.28916656970977785},"rotation":{"x":0.33878666162490847,"y":0.18459001183509828,"z":-0.06796581298112869,"w":0.9200743436813355},"size":7.790243625640869,"orthographic":false}