{"cameraMode":{"drawMode":0,"name":"Shaded","section":"Shading Mode"},"sceneLighting":false,"audioPlay":false,"sceneViewState":{"showFog":true,"showMaterialUpdate":false,"showSkybox":false,"showFlares":true,"showImageEffects":true,"showParticleSystems":true},"in2DMode":false,"pivot":{"x":-0.06809282302856446,"y":2.6561193466186525,"z":-0.07205486297607422},"rotation":{"x":-0.13636569678783418,"y":0.016928641125559808,"z":-0.002430013148114085,"w":-0.9905421137809753},"size":4.022975444793701,"orthographic":false}