{"cameraMode":{"drawMode":0,"name":"Shaded","section":"Shading Mode"},"sceneLighting":false,"audioPlay":false,"sceneViewState":{"showFog":true,"showMaterialUpdate":false,"showSkybox":false,"showFlares":true,"showImageEffects":true,"showParticleSystems":true},"in2DMode":false,"pivot":{"x":0.12582731246948243,"y":1.2451008558273316,"z":-0.021162986755371095},"rotation":{"x":0.13456282019615174,"y":-0.0698026642203331,"z":0.009506314992904663,"w":0.9884047508239746},"size":4.01218318939209,"orthographic":false}