{"cameraMode":{"drawMode":0,"name":"Shaded","section":"Shading Mode"},"sceneLighting":false,"audioPlay":false,"sceneViewState":{"showFog":true,"showMaterialUpdate":false,"showSkybox":false,"showFlares":true,"showImageEffects":true,"showParticleSystems":true},"in2DMode":false,"pivot":{"x":0.17709898948669434,"y":0.3329213857650757,"z":-0.0019588470458984377},"rotation":{"x":0.13456282019615174,"y":-0.0698026642203331,"z":0.009506314992904663,"w":0.9884047508239746},"size":2.8749196529388429,"orthographic":false}