{"cameraMode":{"drawMode":0,"name":"Shaded","section":"Shading Mode"},"sceneLighting":false,"audioPlay":false,"sceneViewState":{"showFog":true,"showMaterialUpdate":false,"showSkybox":false,"showFlares":true,"showImageEffects":true,"showParticleSystems":true},"in2DMode":false,"pivot":{"x":0.06757986545562744,"y":2.904611825942993,"z":0.22759509086608888},"rotation":{"x":0.11525421589612961,"y":0.43650591373443606,"z":0.056462615728378299,"w":-0.8905596733093262},"size":2.9601571559906008,"orthographic":false}