{"cameraMode":{"drawMode":0,"name":"Shaded","section":"Shading Mode"},"sceneLighting":false,"audioPlay":false,"sceneViewState":{"showFog":true,"showMaterialUpdate":false,"showSkybox":false,"showFlares":true,"showImageEffects":true,"showParticleSystems":true},"in2DMode":false,"pivot":{"x":-2.4153127670288088,"y":11.195046424865723,"z":5.743448257446289},"rotation":{"x":0.33878666162490847,"y":0.18459001183509828,"z":-0.06796581298112869,"w":0.9200743436813355},"size":21.39794921875,"orthographic":false}