{"cameraMode":{"drawMode":0,"name":"Shaded","section":"Shading Mode"},"sceneLighting":false,"audioPlay":false,"sceneViewState":{"showFog":true,"showMaterialUpdate":false,"showSkybox":false,"showFlares":true,"showImageEffects":true,"showParticleSystems":true},"in2DMode":false,"pivot":{"x":0.07835507392883301,"y":0.09082043170928955,"z":0.2619321346282959},"rotation":{"x":-0.13636569678783418,"y":0.016928641125559808,"z":-0.002430013148114085,"w":-0.9905421137809753},"size":3.884486198425293,"orthographic":false}