{"cameraMode":{"drawMode":0,"name":"Shaded","section":"Shading Mode"},"sceneLighting":false,"audioPlay":false,"sceneViewState":{"showFog":true,"showMaterialUpdate":false,"showSkybox":false,"showFlares":true,"showImageEffects":true,"showParticleSystems":true},"in2DMode":false,"pivot":{"x":1.037118911743164,"y":4.866530418395996,"z":0.44492530822753909},"rotation":{"x":0.11525421589612961,"y":0.43650591373443606,"z":0.056462615728378299,"w":-0.8905596733093262},"size":15.492579460144043,"orthographic":false}