{"cameraMode":{"drawMode":0,"name":"Shaded","section":"Shading Mode"},"sceneLighting":false,"audioPlay":false,"sceneViewState":{"showFog":true,"showMaterialUpdate":false,"showSkybox":false,"showFlares":true,"showImageEffects":true,"showParticleSystems":true},"in2DMode":false,"pivot":{"x":-0.32418107986450198,"y":1.8083600997924805,"z":-0.10195040702819824},"rotation":{"x":0.13456282019615174,"y":-0.0698026642203331,"z":0.009506314992904663,"w":0.9884047508239746},"size":4.766654968261719,"orthographic":false}