{"cameraMode":{"drawMode":0,"name":"Shaded","section":"Shading Mode"},"sceneLighting":false,"audioPlay":false,"sceneViewState":{"showFog":true,"showMaterialUpdate":false,"showSkybox":false,"showFlares":true,"showImageEffects":true,"showParticleSystems":true},"in2DMode":false,"pivot":{"x":0.05367612838745117,"y":0.831782341003418,"z":-0.0455780029296875},"rotation":{"x":0.13456282019615174,"y":-0.0698026642203331,"z":0.009506314992904663,"w":0.9884047508239746},"size":4.202160358428955,"orthographic":false}