{"cameraMode":{"drawMode":0,"name":"Shaded","section":"Shading Mode"},"sceneLighting":false,"audioPlay":false,"sceneViewState":{"showFog":true,"showMaterialUpdate":false,"showSkybox":false,"showFlares":true,"showImageEffects":true,"showParticleSystems":true},"in2DMode":false,"pivot":{"x":0.039685800671577457,"y":0.10471870005130768,"z":0.003928691148757935},"rotation":{"x":-0.16604070365428925,"y":0.0035358862951397897,"z":-0.0006954706041142345,"w":-0.9861437678337097},"size":0.36260294914245608,"orthographic":false}