{"cameraMode":{"drawMode":0,"name":"Shaded","section":"Shading Mode"},"sceneLighting":false,"audioPlay":false,"sceneViewState":{"showFog":true,"showMaterialUpdate":false,"showSkybox":false,"showFlares":true,"showImageEffects":true,"showParticleSystems":true},"in2DMode":false,"pivot":{"x":504.6683044433594,"y":165.93910217285157,"z":803.0672607421875},"rotation":{"x":0.1606053113937378,"y":-0.10931442677974701,"z":0.017929557710886,"w":0.9808090925216675},"size":1.4533913135528565,"orthographic":false}