{"cameraMode":{"drawMode":0,"name":"Shaded","section":"Shading Mode"},"sceneLighting":false,"audioPlay":false,"sceneViewState":{"showFog":true,"showMaterialUpdate":false,"showSkybox":false,"showFlares":true,"showImageEffects":true,"showParticleSystems":true},"in2DMode":false,"pivot":{"x":0.1885118931531906,"y":-0.3029167354106903,"z":-0.8471781015396118},"rotation":{"x":0.2039557695388794,"y":-0.06163427233695984,"z":0.012870721518993378,"w":0.9769607782363892},"size":3.0950984954833986,"orthographic":false}