{"cameraMode":{"drawMode":0,"name":"Shaded","section":"Shading Mode"},"sceneLighting":false,"audioPlay":false,"sceneViewState":{"showFog":true,"showMaterialUpdate":false,"showSkybox":false,"showFlares":true,"showImageEffects":true,"showParticleSystems":true},"in2DMode":false,"pivot":{"x":0.005324602127075195,"y":0.2840263247489929,"z":0.05451387166976929},"rotation":{"x":-0.6002296805381775,"y":0.20367872714996339,"z":-0.16173870861530305,"w":-0.7563993334770203},"size":1.2288684844970704,"orthographic":false}