{"cameraMode":{"drawMode":0,"name":"Shaded","section":"Shading Mode"},"sceneLighting":false,"audioPlay":false,"sceneViewState":{"showFog":true,"showMaterialUpdate":false,"showSkybox":false,"showFlares":true,"showImageEffects":true,"showParticleSystems":true},"in2DMode":false,"pivot":{"x":0.09640073776245117,"y":1.6312499046325684,"z":0.0},"rotation":{"x":0.11525421589612961,"y":0.43650591373443606,"z":0.056462615728378299,"w":-0.8905596733093262},"size":2.430454730987549,"orthographic":false}