{"cameraMode":{"drawMode":0,"name":"Shaded","section":"Shading Mode"},"sceneLighting":false,"audioPlay":false,"sceneViewState":{"showFog":true,"showMaterialUpdate":false,"showSkybox":false,"showFlares":true,"showImageEffects":true,"showParticleSystems":true},"in2DMode":false,"pivot":{"x":0.03220584988594055,"y":0.1574956774711609,"z":0.009565502405166626},"rotation":{"x":-0.16604070365428925,"y":0.0035358862951397897,"z":-0.0006954706041142345,"w":-0.9861437678337097},"size":0.6206516027450562,"orthographic":false}